id,created_at
2947,2021-11-03T22:21:27
4382,2021-12-09T00:31:13
9882,2022-03-07T11:22:27
77877,2022-05-30T02:34:40.385526
77884,2022-05-30T03:08:26.497528
77885,2022-05-30T03:10:20.132459
80200,2022-05-31T10:09:07.885239
80203,2022-05-31T10:11:33.776154
80204,2022-05-31T10:12:31.687468
80219,2022-05-31T10:18:09.959271
80429,2022-05-31T11:48:36.053285
117499,2022-06-20T14:56:42.4974
229591,2022-08-16T16:40:45.653769
237874,2022-08-27T09:22:59.979045
3780245,2023-06-01T18:53:14.491252
3893302,2023-09-03T16:09:33.295024
4031919,2023-12-31T10:09:10.185879
4033422,2024-01-20T18:18:20.690745
